"scientificName","decimalLongitude","decimalLatitude"
"lyva",-86.3499984741,28.4832992554
"lyva",-83.1169967651,27.6170005798
"lyva",-82.9670028687,26.3999996185
"lyva",-80.3866729736,27.8333301544
"lyva",-83.3936004639,27.872800827
"lyva",-85.2332992554,29.0666999817
"lyva",-44.326,-23.137
"lyva",-84.3471984863,28.496099472
"lyva",-44.31,-23.085
"lyva",-83.1169967651,27.6170005798
"lyva",-81.4316711426,24.5400009155
"lyva",-78.9833297729,9.55000019073
"lyva",-44.69,-23.214
"lyva",-79.1832962036,32.1833000183
"lyva",-83.2533035278,28.5680999756
"lyva",-75.7853889,9.7774167
"lyva",-82.7336120605,26.2802791595
"lyva",-78.8233337402,32.4883308411
"lyva",-83.4670028687,27.6170005798
"lyva",-75.7706389,10.1748611
"lyva",-44.14,-23.043
"lyva",-81.8000030518,25.2944393158
"lyva",-75.7706389,10.1748611
"lyva",-79.5999984741,32.5233001709
"lyva",-75.7853889,9.7774167
"lyva",-44.367,-22.962
"lyva",-75.8661389,9.7055278
"lyva",-75.7706389,10.1748611
"lyva",-44.541,-23.268
"lyva",-79.7099990845,32.4883308411
"lyva",-77.4150009155,33.5416717529
"lyva",-83.8906021118,27.6718997955
"lyva",-44.309,-23.028
"lyva",-82.8330001831,27.5830001831
"lyva",-83.4670028687,27.6170005798
"lyva",-82.0999984741,26.3999996185
"lyva",-57.5670013428,7.632999897
"lyva",-44.596,-23.203
"lyva",-79.126701355,33.3484992981
"lyva",-77.4233322144,33.53332901
"lyva",-84.1563873291,25.2772197723
"lyva",-75.7706389,10.1748611
"lyva",-79.7050018311,32.5033302307
"lyva",-40.733001709,-2.48300004005
"lyva",-75.7706389,10.1748611
"lyva",-79.1999969482,32.9000015259
"lyva",-83.4670028687,27.6170005798
"lyva",-83.4670028687,27.6170005798
"lyva",-82.7277832031,26.2830600739
"lyva",-75.8661389,9.7055278
"lyva",-83.1169967651,27.6170005798
"lyva",-82.0999984741,26.3999996185
"lyva",-83.1169967651,27.6170005798
"lyva",-80.3983306885,30.3366699219
"lyva",-83.8906021118,27.6718997955
"lyva",-81.250831604,30.3830604553
"lyva",-76.5833282471,34.4016685486
"lyva",-90.8499984741,20.875
"lyva",-79.871673584,9.4066696167
"lyva",-83.6297225952,25.2813892365
"lyva",-77.766998291,33.3330001831
"lyva",-75.7706389,10.1748611
"lyva",-88.0749969482,16.8033294678
"lyva",-87.3336029053,29.5832996368
"lyva",-45.1306,-23.7928
"lyva",-75.7464444,10.2341944
"lyva",-44.601,-23.063
"lyva",-79.9282989502,32.452999115
"lyva",-79.7066726685,32.4900016785
"lyva",-80.4950027466,28.4966697693
"lyva",-80.8833312988,31.3899993896
"lyva",-82.8694381714,25.2877807617
"lyva",-82.0999984741,26.3999996185
"lyva",-83.2180633545,24.7852802277
"lyva",-79.7083282471,32.4900016785
"lyva",-80.878326416,31.3933296204
"lyva",-82.8330001831,27.5830001831
"lyva",-80.8816680908,31.3950004578
"lyva",-79.7216720581,32.4916687012
"lyva",-83.4670028687,27.6170005798
"lyva",-77.4166717529,33.5283317566
"lyva",-78.6666717529,32.8183288574
"lyva",-78.9833297729,9.55000019073
"lyva",-78.6500015259,32.5999984741
"lyva",-83.4670028687,27.6170005798
"lyva",-82.7336120605,26.2802791595
"lyva",-79.7099990845,32.4883308411
"lyva",-86.1082992554,29.9333000183
"lyva",-45.5133,-23.9019
"lyva",-78.6533279419,32.8233299255
"lyva",-83.8899993896,27.6186008453
"lyva",-80.8833312988,31.3899993896
"lyva",-82.7186126709,26.7627792358
"lyva",-82.7186126709,26.7627792358
"lyva",-44.191,-23.102
"lyva",-83.4670028687,27.6170005798
"lyva",-83.5652999878,27.8761005402
"lyva",-44.8594,-23.4156
"lyva",-82.9657974243,26.4153003693
"lyva",-82.3669967651,26.3999996185
"lyva",-81.7312333,12.5131333
"lyva",-83.1169967651,27.6170005798
"lyva",-88.0800018311,16.8016700745
"lyva",-80.3016662598,30.3824996948
"lyva",-83.9670028687,27.6170005798
"lyva",-80.2766723633,28.3916702271
"lyva",-83.3969421387,26.2805595398
"lyva",-44.312,-23.136
"lyva",-44.537,-23.152
"lyva",-44.225,-23.079
"lyva",-62.6500015259,17.1749992371
"lyva",-81.1900024414,24.6830005646
"lyva",-80.1169967651,28.0830001831
"lyva",-78.6505584717,32.6008300781
"lyva",-79.4542007446,32.8608016968
"lyva",-77.4083328247,33.53332901
"lyva",-81.8000030518,25.2944393158
"lyva",-76.5830001831,34.5999984741
"lyva",-77.3268611,8.6167222
"lyva",-44.8575,-23.3922
"lyva",-75.7706389,10.1748611
"lyva",-87.2170028687,29.9330005646
"lyva",-38.811,-13.633
"lyva",-44.537,-23.152
"lyva",-44.315,-23.193
"lyva",-83.1169967651,27.6170005798
"lyva",-79.686668396,9.5233297348
"lyva",-75.7855556,9.7794444
"lyva",-81.6633300781,25.2966709137
"lyva",-83.0344390869,25.2863903046
"lyva",-44.099,-23.164
"lyva",-82.8694381714,25.2877807617
"lyva",-82.8694381714,25.2877807617
"lyva",-82.2111129761,26.2952804565
"lyva",-82.1011123657,26.7669391632
"lyva",-75.7706389,10.1748611
"lyva",-45.2103,-23.5431
"lyva",-79.8333282471,9.39999961853
"lyva",-80.8816680908,31.3933296204
"lyva",-83.3969421387,26.2805595398
"lyva",-44.297,-23.113
"lyva",-85.2332992554,29.0666999817
"lyva",-45.0208,-23.7344
"lyva",-75.7706389,10.1748611
"lyva",-78.6666717529,32.8166694641
"lyva",-44.407,-23.098
"lyva",-85.2230987549,29.1464004517
"lyva",-81.8000030518,25.2944393158
"lyva",-81.6636123657,25.292219162
"lyva",-83.1169967651,27.6170005798
"lyva",-80.8816680908,31.3866691589
"lyva",-82.8694381714,25.2877807617
"lyva",-81.6633300781,25.2966709137
"lyva",-44.601,-23.063
"lyva",-83.510597229,27.8367004395
"lyva",-81.1766662598,30.6166706085
"lyva",-81.2300033569,24.6800003052
"lyva",-81.6636123657,25.292219162
"lyva",-44.506,-23.291
"lyva",-83.1169967651,27.6170005798
"lyva",-83.3669967651,26.3999996185
"lyva",-79.7033309937,32.5016708374
"lyva",-48.3108,-25.552
"lyva",-44.6,-23.238
"lyva",-77.3587222,8.6621388
"lyva",-80.8816680908,31.3883304596
"lyva",-83.8399963379,26.2999992371
"lyva",-82.5999984741,27.2658290863
"lyva",-80.878326416,29.3333301544
"lyva",-83.7170028687,26.3999996185
"lyva",-83.4670028687,27.6170005798
"lyva",-83.1169967651,27.6170005798
"lyva",-82.8694381714,25.2877807617
"lyva",-44.663,-23.163
"lyva",-82.8694381714,25.2877807617
"lyva",-82.0449981689,9.21333026886
"lyva",-82.9669036865,26.4164009094
"lyva",-83.9670028687,27.6170005798
"lyva",-80.2549972534,27.4966697693
"lyva",-77.4066696167,33.5433311462
"lyva",-79.7050018311,32.5
"lyva",-45.3197,-23.7222
"lyva",-81.80027771,25.2902793884
"lyva",-44.253,-23.07
"lyva",-75.7706389,10.1748611
"lyva",-82.0999984741,26.3999996185
"lyva",-82.0449981689,9.21333026886
"lyva",-82.9916992188,26.4249992371
"lyva",-82.9666976929,26.4249992371
"lyva",-79.7133331299,32.4883308411
"lyva",-84.3414001465,28.4950008392
"lyva",-83.1169967651,24.7250003815
"lyva",-83.9670028687,27.6170005798
"lyva",-83.3669967651,26.3999996185
"lyva",-86.1082992554,29.9330997467
"lyva",-81.1900024414,24.6766700745
"lyva",-82.8330001831,27.5830001831
"lyva",-83.8899993896,27.6186008453
"lyva",-83.4670028687,27.6170005798
"lyva",-71.9819869995,12.1881713867
"lyva",-83.8321990967,26.4167003632
"lyva",-44.253,-23.07
"lyva",-83.1169967651,27.6170005798
"lyva",-83.8906021118,27.6718997955
"lyva",-77.3566666,8.6721666
"lyva",-81.7333333,12.5004167
"lyva",-44.506,-23.291
"lyva",-44.558,-23.221
"lyva",-76.9130630493,26.5625
"lyva",-84.3414001465,28.4950008392
"lyva",-84.3439025879,28.4808006287
"lyva",-80.4499969482,29.8233299255
"lyva",-81.2200012207,30.3349990845
"lyva",-83.510597229,27.8367004395
"lyva",-79.7083282471,32.4933280945
"lyva",-83.1336135864,24.7961101532
"lyva",-83.5680999756,27.8757991791
"lyva",-75.7706389,10.1748611
"lyva",-75.7855556,9.7794444
"lyva",-81.3205032349,30.778799057
"lyva",-80.3066711426,28.5833301544
"lyva",-83.9670028687,27.6170005798
"lyva",-88.0500030518,16.7670001984
"lyva",-45.0506,-23.7378
"lyva",-77.3983306885,33.5266685486
"lyva",-82.8330001831,27.5830001831
"lyva",-82.5269393921,25.7647209167
"lyva",-45.5186,-23.8478
"lyva",-78.9833297729,9.55000019073
"lyva",-77.4166717529,33.5383300781
"lyva",-82.1558303833,25.7655601501
"lyva",-75.7706389,10.1748611
"lyva",-82.7277832031,26.2830600739
"lyva",-83.9670028687,27.6170005798
"lyva",-39.3670005798,-3.06699991226
"lyva",-83.9670028687,27.6170005798
"lyva",-44.225,-23.079
"lyva",-79.7083282471,32.5033302307
"lyva",-75.8661389,9.7055278
"lyva",-83.5652999878,27.8761005402
"lyva",-78.7891693115,32.6680603027
"lyva",-79.871673584,9.4066696167
"lyva",-77.4166717529,33.5383300781
"lyva",-82.4670028687,26.3999996185
"lyva",-82.6994400024,24.6027793884
"lyva",-83.4670028687,27.6170005798
"lyva",-88.0800018311,16.8016700745
"lyva",-81.2200012207,30.3349990845
"lyva",-83.1169967651,27.6170005798
"lyva",-83.1169967651,27.6170005798
"lyva",-80.503326416,30.9150009155
"lyva",-83.1169967651,27.6170005798
"lyva",-83.6297225952,25.2813892365
"lyva",-84.3471984863,28.496099472
"lyva",-74.7258300781,22.5322208405
"lyva",-80.8833312988,31.3866691589
"lyva",-82.0999984741,26.3999996185
"lyva",-88.0766677856,16.8033294678
"lyva",-79.686668396,9.5233297348
"lyva",-85.3000030518,29.3500003815
"lyva",-75.7853889,9.7774167
"lyva",-83.9670028687,27.6170005798
"lyva",-81.1833267212,30.6666698456
"lyva",-79.0410003662,33.1300010681
"lyva",-83.0329971313,25
"lyva",-81.7258,12.5687
"lyva",-82.4670028687,26.3999996185
"lyva",-83.4670028687,27.6170005798
"lyva",-79.4662017822,32.8672981262
"lyva",-83.8906021118,27.6718997955
"lyva",-44.326,-23.137
"lyva",-83.5652999878,27.8761005402
"lyva",-80.8866729736,31.3883304596
"lyva",-82.2102813721,26.2977790833
"lyva",-82.9670028687,26.3999996185
"lyva",-82.8330001831,27.5830001831
"lyva",-82.1408309937,26.0530605316
"lyva",-83.4670028687,27.6170005798
"lyva",-82.5269393921,25.7647209167
"lyva",-81.7312333,12.5131333
"lyva",-79.7083282471,32.4933280945
"lyva",-79.7033309937,32.4900016785
"lyva",-75.8658333,9.7058333
"lyva",-75.8661389,9.7055278
"lyva",-78.6666717529,32.8183288574
"lyva",-81.7312333,12.5131333
"lyva",-83.1169967651,27.6170005798
"lyva",-57.4329986572,7.56699991226
"lyva",-82.1500015259,25.289440155
"lyva",-88.0749969482,16.8033294678
"lyva",-83.4670028687,27.6170005798
"lyva",-79.1999969482,32.9000015259
"lyva",-57.1333312988,7
"lyva",-82.4670028687,26.3999996185
"lyva",-82.5269393921,25.7647209167
"lyva",-72.2983322144,11.9416704178
"lyva",-44.546,-23.048
"lyva",-86.1082992554,29.8332996368
"lyva",-75.7853889,9.7774167
"lyva",-82.7336120605,26.2802791595
"lyva",-62.6416702271,17.1666698456
"lyva",-83.3969421387,26.2805595398
"lyva",-82.7336120605,26.2802791595
"lyva",-80.374168396,28.9158306122
"lyva",-44.474,-23.009
"lyva",-85.3835983276,28.9661006927
"lyva",-83.9670028687,27.6170005798
"lyva",-44.644,-23.193
"lyva",-80.8850021362,31.3983306885
"lyva",-79.7133331299,32.4949989319
"lyva",-81.4142778,13.3623667
"lyva",-86.1053009033,29.9283008575
"lyva",-75.7706389,10.1748611
"lyva",-44.379,-23.032
"lyva",-82.1408309937,26.0530605316
"lyva",-76.2076389,9.3801111
"lyva",-77.4133300781,33.5166702271
"lyva",-83.3669967651,26.3999996185
"lyva",-44.631,-23.272
"lyva",-78.8233337402,32.4933280945
"lyva",-75.8658333,9.7058333
"lyva",-44.631,-23.272
"lyva",-80.983001709,31.5170001984
"lyva",-81.7324981689,24.5509700775
"lyva",-81.0916671753,24.6858291626
"lyva",-82.8330001831,27.5830001831
"lyva",-80.8866729736,31.3866691589
"lyva",-82.0999984741,26.3999996185
"lyva",-44.421,-23.06
"lyva",-83.1169967651,27.6170005798
"lyva",-83.3669967651,26.3999996185
"lyva",-83.2533035278,28.5680999756
"lyva",-82.8330001831,27.5830001831
"lyva",-79.1719970703,32.3866996765
"lyva",-83.1169967651,27.6170005798
"lyva",-85.2230987549,29.1464004517
"lyva",-80.983001709,31.5170001984
"lyva",-82.0999984741,26.3999996185
"lyva",-82.0999984741,26.3999996185
"lyva",-83.6297225952,25.2813892365
"lyva",-77.4183273315,33.5366706848
"lyva",-44.663,-23.163
"lyva",-83.3572235107,26.7644405365
"lyva",-82.0999984741,26.3999996185
"lyva",-80.3647232056,29.5705604553
"lyva",-80.9522171021,29.4663906097
"lyva",-84.3416976929,28.4582996368
"lyva",-77.4199981689,33.5233306885
"lyva",-86.1053009033,29.9283008575
"lyva",-88.0830001831,16.7999992371
"lyva",-83.1169967651,27.6170005798
"lyva",-74.0769500732,11.3190526962
"lyva",-82.7186126709,26.7627792358
"lyva",-45.1306,-23.7928
"lyva",-82.9669036865,26.4164009094
"lyva",-79.8669967651,9.4066696167
"lyva",-79.7116699219,32.4949989319
"lyva",-44.578,-23.185
"lyva",-82.9670028687,26.3999996185
"lyva",-44.69,-23.214
"lyva",-83.4670028687,27.6170005798
"lyva",-79.7033004761,32.4933013916
"lyva",-82.1500015259,25.289440155
"lyva",-82.9670028687,26.3999996185
"lyva",-79.2583312988,27
"lyva",-83.1169967651,27.6170005798
"lyva",-79.7089996338,32.4920005798
"lyva",-80.6669998169,29.5170001984
"lyva",-80.6669998169,29.5170001984
"lyva",-79.7166671753,32.4850006104
"lyva",-77.6949996948,24.7199993134
"lyva",-44.33,-22.973
"lyva",-80.2261962891,31.7408008575
"lyva",-79.7083282471,32.4883308411
"lyva",-62.9166717529,10.7899999619
"lyva",-44.214,-23.047
"lyva",-74.0769500732,11.3190526962
"lyva",-81.7312333,12.5131333
"lyva",-83.4670028687,27.6170005798
"lyva",-80.0166702271,27.3166694641
"lyva",-87.1829986572,29.9829998016
"lyva",-80.8499984741,30.3829994202
"lyva",-76.5733337402,33.8183288574
"lyva",-82.3822174072,26.9029197693
"lyva",-83.4670028687,27.6170005798
"lyva",-82.9655990601,26.4132995605
"lyva",-83.9008026123,27.6189002991
"lyva",-81.7258,12.5687
"lyva",-80.8850021362,31.3950004578
"lyva",-88.0749969482,16.8033294678
"lyva",-80.3333282471,24.9916706085
"lyva",-83.6863937378,24.4586105347
"lyva",-83.1169967651,27.6170005798
"lyva",-81.6633300781,25.2966709137
"lyva",-39.0126166667,-3.39728333333
"lyva",-85.3835983276,28.9661006927
"lyva",-79.7149963379,32.4850006104
"lyva",-80.8850021362,31.3899993896
"lyva",-83.9670028687,27.6170005798
"lyva",-73.9345397949,11.3146409988
"lyva",-76.2076389,9.3801111
"lyva",-82.8330001831,27.5830001831
"lyva",-83.3669967651,26.3999996185
"lyva",-82.0999984741,26.3999996185
"lyva",-78.6902999878,33.79529953
"lyva",-74.1283611,11.3256111
"lyva",-58.6170005798,8.51700019836
"lyva",-83.510597229,27.8367004395
"lyva",-82.868888855,25.2883300781
"lyva",-79.7066726685,32.4900016785
"lyva",-75.9233889,9.7905833
"lyva",-82.7336120605,26.2802791595
"lyva",-83.8921966553,27.6182994843
"lyva",-78.7825012207,32.6591682434
"lyva",-80.4983291626,29.3299999237
"lyva",-80.364440918,29.5683307648
"lyva",-82.7186126709,26.7627792358
"lyva",-83.7170028687,26.3999996185
"lyva",-82.2102813721,26.2977790833
"lyva",-78.6616668701,32.8183288574
"lyva",-82.7277832031,26.2830600739
"lyva",-82.4664001465,26.4153003693
"lyva",-44.578,-23.185
"lyva",-81.1083297729,24.7583293915
"lyva",-79.6832962036,32.6782989502
"lyva",-79.686668396,9.5233297348
"lyva",-83.510597229,27.8367004395
"lyva",-82.8330001831,27.5830001831
"lyva",-80.2050018311,28.0750007629
"lyva",-83.3669967651,26.3999996185
"lyva",-75.9233889,9.7905833
"lyva",-80.1916732788,28.0916690826
"lyva",-80.4233322144,28.6650009155
"lyva",-75.7706389,10.1748611
"lyva",-82.8330001831,27.5830001831
"lyva",-81.6633300781,25.2966709137
"lyva",-83.8921966553,27.6182994843
"lyva",-44.596,-23.203
"lyva",-81.7258,12.5687
"lyva",-79.2833328247,25.3833293915
"lyva",-83.9670028687,27.6170005798
"lyva",-87.7735977173,29.7583007812
"lyva",-83.3372192383,25.7597198486
"lyva",-78.6600036621,32.8066711426
"lyva",-83.4670028687,27.6170005798
"lyva",-78.6616668701,32.8199996948
"lyva",-79.7083282471,32.4883308411
"lyva",-44.363,-23.071
"lyva",-44.644,-23.193
"lyva",-44.546,-23.048
"lyva",-83.3669967651,26.3999996185
"lyva",-78.6837005615,33.3400001526
"lyva",-83.4670028687,27.6170005798
"lyva",-82.8330001831,27.5830001831
"lyva",-55.25,6.65000009537
"lyva",-84.3000030518,27.783000946
"lyva",-82.7336120605,26.2802791595
"lyva",-80.4016723633,30.6583309174
"lyva",-83.9670028687,27.6170005798
"lyva",-83.3669967651,26.3999996185
"lyva",-79.0554962158,33.4911994934
"lyva",-83.8921966553,27.6182994843
"lyva",-83.3669967651,26.3999996185
"lyva",-80.8816680908,31.3933296204
"lyva",-80.8833312988,31.3866691589
"lyva",-75.7464444,10.2341944
"lyva",-85.5670013428,29.6830005646
"lyva",-83.4670028687,27.6170005798
"lyva",-77.4166717529,33.5299987793
"lyva",-83.4670028687,27.6170005798
"lyva",-82.444442749,27.0049991608
"lyva",-83.3969421387,26.2805595398
"lyva",-82.1558303833,25.7655601501
"lyva",-79.8669967651,9.4066696167
"lyva",-72.1330032349,12.2670001984
"lyva",-80.2249984741,27.6683292389
"lyva",-81.7541732788,24.5505599976
"lyva",-82.4664001465,26.4153003693
"lyva",-80.8483276367,24.8016700745
"lyva",-75.523109436,10.3828935623
"lyva",-80.8833312988,31.3933296204
"lyva",-85.3711013794,28.9650001526
"lyva",-78.7829971313,32.6669998169
"lyva",-86.48813,20.57868
"lyva",-90.145967,21.348283
"lyva",-90.147611,21.346917
"lyva",-86.48813,20.57868
"lyva",-90.145967,21.348283
"lyva",-90.145967,21.348283
"lyva",-74.52727,24.03401
"lyva",-80.309851,27.456299
"lyva",-74.2397,11.20797
"lyva",-74.24058,11.21917
"lyva",-81.8711,12.1379
"lyva",-74.22922,11.20658
"lyva",-74.21598,11.24602
"lyva",-74.19433,11.26672
"lyva",-82.35178,9.26751
"lyva",-82.258615,9.352002
"lyva",-82.345834,9.235004
"lyva",-88.915694,21.444806
"lyva",-88.899689,21.46725
"lyva",-88.915694,21.444806
"lyva",-79.85464,15.80158
"lyva",-79.844088,15.795123
"lyva",-79.833333,15.833333
"lyva",-89.756472,22.576306
"lyva",-89.756472,22.576306
"lyva",-87.710735,18.700012
"lyva",-41.884187,-22.77045
"lyva",-41.904272,-22.755966
"lyva",-45.405,-23.819167
"lyva",-94.777805,18.488306
"lyva",-94.827167,18.544194
"lyva",-94.775583,18.487139
"lyva",-94.777639,18.487361
"lyva",-94.777805,18.488306
"lyva",-94.780472,18.501278
"lyva",-94.778,18.48875
"lyva",-94.777861,18.487889
"lyva",-94.778417,18.497056
"lyva",-94.777639,18.487361
"lyva",-94.777639,18.487361
"lyva",-75.770639,10.174861
"lyva",-75.770639,10.174861
"lyva",-75.770639,10.174861
"lyva",-41.884187,-22.77045
"lyva",-63.011,18.067
"lyva",-61.537167,16.348417
"lyva",-61.544806,16.304583
"lyva",-61.767028,16.090611
"lyva",-61.538783,16.351933
"lyva",-61.54495,16.224117
"lyva",-61.529683,16.364433
"lyva",-61.53878,16.35193
"lyva",-61.52968,16.36443
"lyva",-61.53717,16.34842
"lyva",-61.54481,16.30458
"lyva",-61.54495,16.22412
"lyva",-82.938167,27.525333
"lyva",-81.731233,12.513133
"lyva",-75.770639,10.174861
"lyva",-75.770639,10.174861
"lyva",-75.770639,10.174861
"lyva",-75.770639,10.174861
"lyva",-86.766767,22.250049
"lyva",-77.356667,8.672167
"lyva",-77.358722,8.662139
"lyva",-88.63185,23.72845
"lyva",-88.63185,23.72845
"lyva",-61.6,10.6833
"lyva",-84.5985,29.814667
"lyva",-80.019126,26.131054
"lyva",-81.733333,12.500417
"lyva",-66.10263,10.59246
"lyva",-66.05546,10.56224
"lyva",-86.833465,22.200149
"lyva",-86.583692,21.883536
"lyva",-86.516911,21.967186
"lyva",-81.731233,12.513133
"lyva",-61.6,10.6833
"lyva",-61.6,10.6833
"lyva",-76.620817,34.681933
"lyva",-81.41,24.71
"lyva",-81.41,24.71
"lyva",-81.41,24.71
"lyva",-81.41,24.71
"lyva",-81.41,24.71
"lyva",-81.41,24.71
"lyva",-81.41,24.71
"lyva",-81.41,24.71
"lyva",-81.41,24.71
"lyva",-81.41,24.71
"lyva",-81.41,24.71
"lyva",-81.41,24.71
"lyva",-81.41,24.71
"lyva",-81.41,24.71
"lyva",-81.41,24.71
"lyva",-81.28857,30.36341
"lyva",-60.91306,14.41821
"lyva",-80.1751,25.5197
"lyva",-75.770639,10.174861
"lyva",-75.746444,10.234194
"lyva",-75.770639,10.174861
"lyva",-75.770639,10.174861
"lyva",-75.770639,10.174861
"lyva",-75.770639,10.174861
"lyva",-75.770639,10.174861
"lyva",-75.770639,10.174861
"lyva",-76.207639,9.380111
"lyva",-76.207639,9.380111
"lyva",-43.050657,-22.973992
"lyva",-90.142917,21.343
"lyva",-90.149472,21.348
"lyva",-43.050657,-22.973992
"lyva",-72.2063,12.2063
"lyva",-89.632111,22.383944
"lyva",-89.632111,22.383944
"lyva",-72.31897,12.2105
"lyva",-90.131861,21.343639
"lyva",-83.521167,29.693667
"lyva",-41.904272,-22.755966
"lyva",-84.53,21.93
"lyva",-61.5484,16.41142
"lyva",-43.050657,-22.973992
"lyva",-72.1188,12.2413
"lyva",-38.499167,-12.911944
"lyva",-68.2861,10.85812
"lyva",-68.2861,10.85812
"lyva",-68.2861,10.85812
"lyva",-68.2861,10.85812
"lyva",-68.2861,10.85812
"lyva",-68.2861,10.85812
"lyva",-68.2861,10.85812
"lyva",-68.2861,10.85812
"lyva",-68.2861,10.85812
"lyva",-68.2861,10.85812
"lyva",-72.2063,12.2063
"lyva",-64.35105,10.35522
"lyva",-64.35105,10.35522
"lyva",-64.39507,10.38036
"lyva",-64.35105,10.35522
"lyva",-64.35105,10.35522
"lyva",-64.35105,10.35522
"lyva",-64.36534,10.33486
"lyva",-64.35105,10.35522
"lyva",-64.36534,10.33486
"lyva",-64.36534,10.33486
"lyva",-64.36534,10.33486
"lyva",-64.35105,10.35522
"lyva",-75.746444,10.234194
"lyva",-75.865833,9.705833
"lyva",-75.785389,9.777417
"lyva",-75.785389,9.777417
"lyva",-75.785556,9.779444
"lyva",-75.866139,9.705528
"lyva",-75.785556,9.779444
"lyva",-75.785389,9.777417
"lyva",-75.866139,9.705528
"lyva",-75.865833,9.705833
"lyva",-81.795417,25.223967
"lyva",-64.35105,10.35522
"lyva",-64.39507,10.38036
"lyva",-64.35105,10.35522
"lyva",-64.35105,10.35522
"lyva",-64.39507,10.38036
"lyva",-64.35105,10.35522
"lyva",-64.36534,10.33486
"lyva",-64.36534,10.33486
"lyva",-64.36534,10.33486
"lyva",-64.36534,10.33486
"lyva",-72.2063,12.2063
"lyva",-72.1188,12.2413
"lyva",-68.2861,10.85812
"lyva",-68.236661,10.83328
"lyva",-68.2861,10.85812
"lyva",-68.2861,10.85812
"lyva",-68.2861,10.85812
"lyva",-68.2861,10.85812
"lyva",-75.923389,9.790583
"lyva",-72.1188,12.2413
"lyva",-72.2063,12.2063
"lyva",-72.1188,12.2413
"lyva",-72.2063,12.2063
"lyva",-81.731233,12.513133
"lyva",-74.128361,11.325611
"lyva",-81.520333,24.526667
"lyva",-43.050657,-22.973992
"lyva",-72.669556,11.798694
"lyva",-71.966972,12.278528
"lyva",-72.984389,11.65025
"lyva",-72.984389,11.65025
"lyva",-96.158055,19.298056
"lyva",-96.158055,19.298056
"lyva",-89.103028,21.366639
"lyva",-89.104528,21.37325
"lyva",-89.104528,21.37325
"lyva",-89.113944,21.371667
"lyva",-72.2063,12.2063
"lyva",-72.1188,12.2413
"lyva",-72.1188,12.2413
"lyva",-87.705555,18.718333
"lyva",-75.866139,9.705528
"lyva",-75.785389,9.777417
"lyva",-75.923389,9.790583
"lyva",-75.866139,9.705528
"lyva",-77.326861,8.616722
"lyva",-43.050657,-22.973992
"lyva",-89.091056,21.380528
"lyva",-89.112444,21.365083
"lyva",-89.093028,21.389333
"lyva",-89.098667,21.378306
"lyva",-89.098667,21.378306
"lyva",-89.097694,21.373917
"lyva",-89.100694,21.387111
"lyva",-89.100694,21.387111
"lyva",-89.104528,21.37325
"lyva",-84.184217,28.123133
"lyva",-84.146267,28.16495
"lyva",-44.643833,-23.193333
"lyva",-44.420767,-23.0595
"lyva",-44.643833,-23.193333
"lyva",-44.5373,-23.203367
"lyva",-89.091056,21.380528
"lyva",-89.091056,21.380528
"lyva",-89.091056,21.380528
"lyva",-89.1075,21.386472
"lyva",-89.092028,21.384944
"lyva",-89.092028,21.384944
"lyva",-89.112444,21.365083
"lyva",-89.098667,21.378306
"lyva",-89.090056,21.376139
"lyva",-89.090056,21.376139
"lyva",-89.1075,21.382056
"lyva",-89.1075,21.382056
"lyva",-89.099694,21.382722
"lyva",-89.099694,21.382722
"lyva",-89.097694,21.373917
"lyva",-89.103028,21.366639
"lyva",-89.104528,21.37325
"lyva",-89.096194,21.367306
"lyva",-89.1055,21.377639
"lyva",-89.1055,21.377639
"lyva",-89.088556,21.369528
"lyva",-89.088556,21.369528
"lyva",-44.150067,-23.221233
"lyva",-44.099017,-23.163783
"lyva",-89.095222,21.362889
"lyva",-89.092028,21.384944
"lyva",-89.092028,21.384944
"lyva",-89.093028,21.389333
"lyva",-89.090056,21.376139
"lyva",-89.1075,21.382056
"lyva",-89.1075,21.382056
"lyva",-89.103028,21.366639
"lyva",-89.103028,21.366639
"lyva",-89.103028,21.366639
"lyva",-89.100694,21.387111
"lyva",-89.100694,21.387111
"lyva",-89.104528,21.37325
"lyva",-89.098667,21.378306
"lyva",-89.099694,21.382722
"lyva",-89.099694,21.382722
"lyva",-89.090056,21.376139
"lyva",-89.1075,21.382056
"lyva",-89.1075,21.382056
"lyva",-89.103028,21.366639
"lyva",-89.100694,21.387111
"lyva",-89.104528,21.37325
"lyva",-89.104528,21.37325
"lyva",-81.465833,24.613833
"lyva",-81.731233,12.513133
"lyva",-83.030183,29.129817
"lyva",-43.050657,-22.973992
"lyva",-89.091056,21.380528
"lyva",-89.091056,21.380528
"lyva",-89.095222,21.362889
"lyva",-89.095222,21.362889
"lyva",-89.092028,21.384944
"lyva",-89.1075,21.382056
"lyva",-89.1075,21.382056
"lyva",-89.099694,21.382722
"lyva",-89.099694,21.382722
"lyva",-89.103028,21.366639
"lyva",-89.103028,21.366639
"lyva",-89.103028,21.366639
"lyva",-89.102028,21.36225
"lyva",-89.1055,21.377639
"lyva",-89.1055,21.377639
"lyva",-89.088556,21.369528
"lyva",-89.088556,21.369528
"lyva",-81.7258,12.5687
"lyva",-81.7258,12.5687
"lyva",-81.7258,12.5687
"lyva",-45.513333,-23.901944
"lyva",-43.050657,-22.973992
"lyva",-81.526694,25.452528
"lyva",-81.507056,25.443194
"lyva",-81.375083,25.183583
"lyva",-81.396722,25.181583
"lyva",-45.516667,-23.833333
"lyva",-45.516667,-23.833333
"lyva",-83.101067,25.023483
"lyva",-44.899556,-23.374972
"lyva",-44.899556,-23.374972
"lyva",-45.286111,-23.606944
"lyva",-44.8575,-23.392222
"lyva",-44.859444,-23.415556
"lyva",-44.899444,-23.374722
"lyva",-44.899444,-23.374722
"lyva",-81.414278,13.362367
"lyva",-90.623111,19.79445
"lyva",-82.995,28.124167
"lyva",-82.995,28.126
"lyva",-82.995283,28.123717
"lyva",-42.020559,-22.959387
"lyva",-95.946389,19.181667
"lyva",-40.099722,-20.767222
"lyva",-86.791667,21.841667
"lyva",-97.741667,24.358333
"lyva",-35.694637,-9.667645
"lyva",-43.163503,-22.95549
"lyva",-42.012965,-22.964844
"lyva",-41.99434,-22.986101
"lyva",-42.012622,-23.004589
"lyva",-87.22,29.93
"lyva",-87.18,29.98
"lyva",-44.610492,-23.048737
"lyva",-43.02317,-22.976656
"lyva",-42.014077,-22.968124
"lyva",-42.014077,-22.968124
"lyva",-79.8333,9.4
"lyva",-41.9046,-22.782643
"lyva",-79.6867,9.5233
"lyva",-44.359057,-23.021377
"lyva",-44.011213,-22.946518
"lyva",-44.610492,-23.048737
"lyva",-40.3,-21.75
"lyva",-40.3,-21.75
"lyva",-72.640833,18.801111
"lyva",-72.640833,18.801111
"lyva",-72.640833,18.801111
"lyva",-72.640833,18.801111
"lyva",-72.640833,18.801111
"lyva",-72.640833,18.801111
"lyva",-72.640833,18.801111
"lyva",-72.640833,18.801111
"lyva",-79.6867,9.5233
"lyva",-80.3067,28.5833
"lyva",-80.3742,28.9158
"lyva",-80.2767,28.3917
"lyva",-80.205,28.075
"lyva",-79.6867,9.5233
"lyva",-74.22926,11.24259
"lyva",-48.478638,-27.141469
"lyva",-48.500617,-27.747569
"lyva",-48.478638,-27.141469
"lyva",-48.478638,-27.141469
"lyva",-48.420516,-27.573147
"lyva",-48.420516,-27.573147
"lyva",-44.213372,-23.091318
"lyva",-44.5777,-23.18455
"lyva",-74.7258,22.5322
"lyva",-76.9131,26.5625
"lyva",-82.6994,24.6028
"lyva",-41.98065,-22.869601
"lyva",-81.4317,24.54
"lyva",-38.938354,-13.393827
"lyva",-82.7278,26.2831
"lyva",-82.7278,26.2831
"lyva",-91.513889,18.791667
"lyva",-80.12,28.08
"lyva",-80.4233,28.665
"lyva",-80.255,27.4967
"lyva",-80.8783,29.3333
"lyva",-80.495,28.4967
"lyva",-81.8003,25.2903
"lyva",-80.5033,30.915
"lyva",-81.6636,25.2922
"lyva",-80.225,27.6683
"lyva",-81.22,30.335
"lyva",-80.3983,30.3367
"lyva",-80.3867,27.8333
"lyva",-81.1833,30.6667
"lyva",-80.4017,30.6583
"lyva",-81.22,30.335
"lyva",-80.45,29.8233
"lyva",-80.4983,29.33
"lyva",-81.663333,25.291667
"lyva",-81.6636,25.2922
"lyva",-82.8689,25.2883
"lyva",-96.068611,19.201111
"lyva",-82.7278,26.2831
"lyva",-35.694637,-9.667645
"lyva",-82.2103,26.2978
"lyva",-81.6633,25.2967
"lyva",-81.6633,25.2967
"lyva",-81.8,25.2944
"lyva",-82.2111,26.2953
"lyva",-83.3969,26.2806
"lyva",-82.7186,26.7628
"lyva",-82.7336,26.2803
"lyva",-82.8694,25.2878
"lyva",-84.1564,25.2772
"lyva",-82.8694,25.2878
"lyva",-44.011213,-22.946518
"lyva",-82.2103,26.2978
"lyva",-82.1408,26.0531
"lyva",-81.8,25.2944
"lyva",-81.6633,25.2967
"lyva",-82.1011,26.7669
"lyva",-82.1408,26.0531
"lyva",-81.6633,25.2967
"lyva",-81.8,25.2944
"lyva",-77.42,33.5233
"lyva",-77.4233,33.5333
"lyva",-77.3983,33.5267
"lyva",-79.7083,32.49
"lyva",-79.7133,32.495
"lyva",-79.7133,32.4883
"lyva",-79.7067,32.49
"lyva",-77.4067,33.5433
"lyva",-79.7083,32.4883
"lyva",-78.66,32.8067
"lyva",-79.71,32.4883
"lyva",-79.7067,32.49
"lyva",-76.5833,34.4017
"lyva",-80.885,31.395
"lyva",-80.8833,31.3867
"lyva",-80.8833,31.39
"lyva",-88.0767,16.8033
"lyva",-83.1336,24.7961
"lyva",-82.8694,25.2878
"lyva",-82.5269,25.7647
"lyva",-80.885,31.39
"lyva",-88.0767,16.8033
"lyva",-82.15,25.2894
"lyva",-83.6297,25.2814
"lyva",-80.8817,31.3867
"lyva",-78.6617,32.8183
"lyva",-82.7336,26.2803
"lyva",-83.3572,26.7644
"lyva",-77.415,33.5417
"lyva",-82.7186,26.7628
"lyva",-78.6667,32.8183
"lyva",-79.7083,32.5033
"lyva",-78.6667,32.8183
"lyva",-83.3969,26.2806
"lyva",-44.011213,-22.946518
"lyva",-82.7336,26.2803
"lyva",-82.8694,25.2878
"lyva",-82.7336,26.2803
"lyva",-80.8817,31.395
"lyva",-83.3969,26.2806
"lyva",-82.5269,25.7647
"lyva",-82.1558,25.7656
"lyva",-80.8867,31.3883
"lyva",-80.8833,31.3933
"lyva",-82.7186,26.7628
"lyva",-82.8694,25.2878
"lyva",-80.8867,31.3867
"lyva",-79.705,32.5033
"lyva",-79.7033,32.5017
"lyva",-80.8833,31.3867
"lyva",-79.715,32.485
"lyva",-83.2181,24.7853
"lyva",-83.6864,24.4586
"lyva",-76.5733,33.8183
"lyva",-83.6297,25.2814
"lyva",-83.0344,25.2864
"lyva",-78.6667,32.8167
"lyva",-78.6617,32.82
"lyva",-79.7167,32.485
"lyva",-78.8233,32.4933
"lyva",-80.8817,31.3933
"lyva",-80.8817,31.3933
"lyva",-79.7217,32.4917
"lyva",-80.8833,31.39
"lyva",-80.8817,31.3883
"lyva",-79.7117,32.495
"lyva",-79.71,32.4883
"lyva",-80.8783,31.3933
"lyva",-77.4167,33.5383
"lyva",-78.6533,32.8233
"lyva",-78.8233,32.4883
"lyva",-79.7083,32.4933
"lyva",-79.7083,32.4883
"lyva",-81.1767,30.6167
"lyva",-79.7083,32.4933
"lyva",-80.885,31.3983
"lyva",-79.7033,32.49
"lyva",-79.705,32.5
"lyva",-34.95337,-8.359496
"lyva",-88.075,16.8033
"lyva",-88.08,16.8017
"lyva",-88.075,16.8033
"lyva",-88.08,16.8017
"lyva",-77.4167,33.5383
"lyva",-77.4083,33.5333
"lyva",-77.4167,33.5283
"lyva",-77.4133,33.5167
"lyva",-77.4183,33.5367
"lyva",-77.4167,33.53
"lyva",-82.7186,26.7628
"lyva",-82.7336,26.2803
"lyva",-83.3372,25.7597
"lyva",-82.5269,25.7647
"lyva",-82.7336,26.2803
"lyva",-83.6297,25.2814
"lyva",-83.3969,26.2806
"lyva",-82.8694,25.2878
"lyva",-82.1558,25.7656
"lyva",-82.15,25.2894
"lyva",-81.333333,24.5
"lyva",-42.013223,-22.966819
"lyva",-91.841667,19.825
"lyva",-93.6,27.908333
"lyva",-81.4392,30.6115
"lyva",-43.164012,-22.947313
"lyva",-91.513889,18.791667
"lyva",-80.8514,30.3886
"lyva",-79.2,32.9
"lyva",-80.9522,29.4664
"lyva",-80.3017,30.3825
"lyva",-80.3644,29.5683
"lyva",-78.7892,32.6681
"lyva",-78.7825,32.6592
"lyva",-82.045,9.2133
"lyva",-82.045,9.2133
"lyva",-77.7325,33.3458
"lyva",-78.6411,32.6039
"lyva",-81.2508,30.3831
"lyva",-78.7875,32.6636
"lyva",-80.6736,29.5236
"lyva",-80.3647,29.5706
"lyva",-80.6561,29.5178
"lyva",-78.6506,32.6008
"lyva",-79.2061,32.9028
"lyva",-94.066667,28.166667
"lyva",-43.25,-23.1
"lyva",-91.527778,18.776389
"lyva",-91.508333,18.758333
"lyva",-91.527778,18.776389
"lyva",-91.508333,18.758333
"lyva",-91.508333,18.758333
"lyva",-91.527778,18.776389
"lyva",-91.527778,18.776389
"lyva",-91.508333,18.758333
"lyva",-91.508333,18.758333
"lyva",-91.497222,18.775556
"lyva",-91.527778,18.776389
"lyva",-91.527778,18.776389
"lyva",-91.508333,18.758333
"lyva",-91.508333,18.758333
"lyva",-91.527778,18.776389
"lyva",-91.497222,18.775556
"lyva",-91.497222,18.775556
"lyva",-91.508333,18.758333
"lyva",-91.605555,18.691667
"lyva",-91.508333,18.758333
"lyva",-91.508333,18.758333
"lyva",-91.508333,18.758333
"lyva",-91.508333,18.741667
"lyva",-91.497222,18.775556
"lyva",-91.527778,18.776389
"lyva",-91.508333,18.758333
"lyva",-91.508333,18.741667
"lyva",-91.527778,18.776389
"lyva",-91.511111,18.741667
"lyva",-91.497222,18.775556
"lyva",-91.527778,18.776389
"lyva",-41.7,-23.416667
"lyva",-40.316667,-21.333333
"lyva",-94.3,28.166667
"lyva",-94.3,28.166667
"lyva",-91.675,18.608333
"lyva",-91.513889,18.791667
"lyva",-91.491667,18.775
"lyva",-91.508333,18.758333
"lyva",-91.508333,18.758333
"lyva",-91.508333,18.758333
"lyva",-91.675,18.608333
"lyva",-91.513889,18.791667
"lyva",-91.508333,18.758333
"lyva",-91.4875,18.776389
"lyva",-78.9,9.53
"lyva",-78.9,9.53
"lyva",-82.3,9.45
"lyva",-91.605555,18.691667
"lyva",-91.583333,18.725
"lyva",-91.605555,18.691667
"lyva",-91.605555,18.691667
"lyva",-91.583333,18.725
"lyva",-91.605555,18.691667
"lyva",-91.511111,18.741667
"lyva",-91.675,18.608333
"lyva",-91.675,18.608333
"lyva",-78.9833,9.55
"lyva",-78.9833,9.55
"lyva",-78.9833,9.55
"lyva",-87.5,29.8
"lyva",-91.497222,18.775556
"lyva",-91.508333,18.758333
"lyva",-91.527778,18.776389
"lyva",-91.497222,18.775556
"lyva",-91.497222,18.775556
"lyva",-91.508333,18.758333
"lyva",-78.9833,9.55
"lyva",-78.9833,9.55
"lyva",-78.9833,9.55
"lyva",-78.9,9.53
"lyva",-79.8725,9.4067
"lyva",-79.8725,9.4067
"lyva",-43.932702,-22.996022
"lyva",-72.13,12.27
"lyva",-58.6,8.17
"lyva",-79.87,9.4067
"lyva",-79.87,9.4067
"lyva",-62.6417,17.1667
"lyva",-62.65,17.175
"lyva",-82.25,26.5
"lyva",-82.25,26.5
"lyva",-82.25,26.5
"lyva",-82.25,26.5
"lyva",-82.25,26.5
"lyva",-82.25,26.5
"lyva",-82.25,26.5
"lyva",-82.25,26.5
"lyva",-82.25,26.5
"lyva",-82.25,26.5
"lyva",-82.1333,16.7667
"lyva",-82.25,26.5
"lyva",-82.1267,26.7667
"lyva",-81.95,26.4667
"lyva",-82.25,26.5
"lyva",-82.25,26.5
"lyva",-82.25,26.5
"lyva",-82.25,26.5
"lyva",-82.25,26.5
"lyva",-82.25,26.5
"lyva",-82.25,26.5
"lyva",-82.25,26.5
"lyva",-82.25,26.5
"lyva",-82.25,26.5
"lyva",-82.25,26.5
"lyva",-82.25,26.5
"lyva",-82.25,26.5
"lyva",-82.25,26.5
"lyva",-82.25,26.5
"lyva",-82.25,26.5
"lyva",-82.25,26.5
"lyva",-82.25,26.5
"lyva",-82.25,26.5
"lyva",-82.25,26.5
"lyva",-80.5356,25.1982
"lyva",-82.25,26.5
"lyva",-82.25,26.5
"lyva",-82.25,26.5
"lyva",-82.25,26.5
"lyva",-80.0167,27.3167
"lyva",-57.1333,7
"lyva",-55.25,6.65
"lyva",-62.9167,10.79
"lyva",-72.2983,11.9417
"lyva",-82.25,26.5
"lyva",-86.3,21.1667
"lyva",-83.183333,24.783333
"lyva",-81.7542,24.5506
"lyva",-77.37,17.8
"lyva",-81.7325,24.551
"lyva",-79.2833,25.3833
"lyva",-86.2167,20.4167
"lyva",-57.43,7.57
"lyva",-39.37,-3.07
"lyva",-40.73,-2.48
"lyva",-79.2583,27
"lyva",-91.841667,19.825
"lyva",-91.497222,18.775556
"lyva",-83.07,27.55
"lyva",-84.3,27.78
"lyva",-83.07,27.55
"lyva",-38.518727,-12.929379
"lyva",-38.458197,-12.809846
"lyva",-38.458197,-12.809846
"lyva",-95.941667,19.108333
"lyva",-76.58,34.6
"lyva",-80.1917,28.0917
"lyva",-80.08,25.57
"lyva",-80.3333,24.9917
"lyva",-41.98065,-22.869601
"lyva",-43.1,-22.916667
"lyva",-91.875,18.641667
"lyva",-43.050657,-22.973992
"lyva",-67.019778,17.937278
"lyva",-67.019778,17.937278
"lyva",-76.839278,17.925028
"lyva",-76.83806,17.924995
"lyva",-41.978976,-22.861594
"lyva",-58.62,8.52
"lyva",-57.57,7.63
"lyva",-43.574331,-23.065754
"lyva",-43.174283,-22.819319
"lyva",-68.968944,12.132833
"lyva",-68.837278,12.056306
"lyva",-68.968944,12.132833
"lyva",-68.229417,12.104806
"lyva",-68.837278,12.056306
"lyva",-68.229417,12.104806
"lyva",-68.968944,12.132833
"lyva",-68.968944,12.132833
"lyva",-96.068611,19.201111
"lyva",-96.068611,19.201111
"lyva",-43.174283,-22.819319
"lyva",-85.57,29.68
"lyva",-85.3,29.35
"lyva",-44.011213,-22.946518
"lyva",-91.841667,19.825
"lyva",-91.841667,19.825
"lyva",-43.1691,-22.796511
"lyva",-44.024991,-22.962793
"lyva",-44.289079,-23.135602
"lyva",-43.11186,-22.932938
"lyva",-83.117,24.725
"lyva",-43.174283,-22.819319
"lyva",-43.174283,-22.819319
"lyva",-43.174283,-22.819319
"lyva",-43.721969,-22.986419
"lyva",-43.174283,-22.819319
"lyva",-90.675,19.841667
"lyva",-43.574331,-23.065754
"lyva",-83.84,26.3
"lyva",-43.174283,-22.819319
"lyva",-82.4444,27.005
"lyva",-82.3822,26.9029
"lyva",-90.85,20.8681
"lyva",-82.6,27.2658
"lyva",-44.024991,-22.962793
"lyva",-83.03,25
"lyva",-85.36,29.8
"lyva",-85.36,29.8
"lyva",-42.01666667,-22.95
"lyva",-85,29
"lyva",-44.43611111,-23.00944444
"lyva",-64.73693611,32.17291111
"lyva",-64.67072222,32.36976667
"lyva",-74.16666667,11.33333333
"lyva",-64.03333333,10.44888889
"lyva",-96.06944444,19.20138889
"lyva",-96.06805556,19.20138889
"lyva",-96.06944444,19.2
"lyva",-96.06805556,19.2
"lyva",-65.48333333,11.48333333
"lyva",-83.15191667,28.14266667
"lyva",-82.99830556,28.126
"lyva",-82.99830556,28.12416667
"lyva",-82.45,27.06666667
"lyva",-64.18194444,10.95361111
"lyva",-60.11861111,10.92583333
"lyva",-82.71666667,27.63333333
"lyva",-82.73333333,27.61666667
"lyva",-82.82166667,27.57166667
"lyva",-78.92305556,9.553888889
"lyva",-65.7182,18.38846111
"lyva",-48.09333333,-25.34055556
"lyva",-42.01666667,-22.95
"lyva",-44.43611111,-23.00944444
"lyva",-74.16666667,11.33333333
"lyva",-65.48333333,11.48333333
"lyva",-40.95638328,-2.871720497
"lyva",-39.26833211,-3.213660569
"lyva",-39.0145539,-3.395762421
"lyva",-38.81609826,-3.5384748
"lyva",-38.63369213,-3.68371668
"lyva",-38.50538827,-3.717053008
"lyva",-37.69615732,-4.5192982
"lyva",-37.47659357,-4.639662288
